-- phpMyAdmin SQL Dump
-- version 4.8.3
-- https://www.phpmyadmin.net/
--
-- Host: 127.0.0.1
-- Waktu pembuatan: 29 Jun 2021 pada 16.54
-- Versi server: 10.1.36-MariaDB
-- Versi PHP: 7.2.11

SET SQL_MODE = "NO_AUTO_VALUE_ON_ZERO";
SET AUTOCOMMIT = 0;
START TRANSACTION;
SET time_zone = "+00:00";


/*!40101 SET @OLD_CHARACTER_SET_CLIENT=@@CHARACTER_SET_CLIENT */;
/*!40101 SET @OLD_CHARACTER_SET_RESULTS=@@CHARACTER_SET_RESULTS */;
/*!40101 SET @OLD_COLLATION_CONNECTION=@@COLLATION_CONNECTION */;
/*!40101 SET NAMES utf8mb4 */;

--
-- Database: `sig_ktp`
--

-- --------------------------------------------------------

--
-- Struktur dari tabel `faktor_ktp`
--

CREATE TABLE `faktor_ktp` (
  `id` int(11) NOT NULL,
  `id_kecamatan` int(11) NOT NULL,
  `ibu_rumah_tangga` int(11) NOT NULL,
  `created_at` timestamp NOT NULL DEFAULT CURRENT_TIMESTAMP ON UPDATE CURRENT_TIMESTAMP
) ENGINE=InnoDB DEFAULT CHARSET=latin1;

--
-- Dumping data untuk tabel `faktor_ktp`
--

INSERT INTO `faktor_ktp` (`id`, `id_kecamatan`, `ibu_rumah_tangga`, `created_at`) VALUES
(603, 28, 23626, '2021-06-27 12:50:12'),
(604, 29, 12093, '2021-06-27 12:50:12'),
(605, 27, 23645, '2021-06-27 12:50:12'),
(606, 20, 17794, '2021-06-27 12:50:12'),
(607, 19, 29017, '2021-06-27 12:50:12'),
(608, 25, 22067, '2021-06-27 12:50:12'),
(609, 24, 33472, '2021-06-27 12:50:12'),
(610, 14, 26406, '2021-06-27 12:50:12'),
(611, 15, 14433, '2021-06-27 12:50:12'),
(612, 22, 39080, '2021-06-27 12:50:12'),
(613, 23, 20034, '2021-06-27 12:50:12'),
(614, 18, 41820, '2021-06-27 12:50:12'),
(615, 30, 19058, '2021-06-27 12:50:12'),
(616, 10, 19123, '2021-06-27 12:50:12'),
(617, 7, 29344, '2021-06-27 12:50:12'),
(618, 26, 28972, '2021-06-27 12:50:12'),
(619, 31, 27550, '2021-06-27 12:50:12'),
(620, 6, 32399, '2021-06-27 12:50:12'),
(621, 8, 22028, '2021-06-27 12:50:12'),
(622, 4, 22307, '2021-06-27 12:50:12'),
(623, 3, 35246, '2021-06-27 12:50:12'),
(624, 2, 24785, '2021-06-27 12:50:12'),
(625, 28, 23626, '2021-06-28 13:10:18'),
(626, 29, 12093, '2021-06-28 13:10:18'),
(627, 27, 23645, '2021-06-28 13:10:18'),
(628, 20, 17794, '2021-06-28 13:10:18'),
(629, 19, 29017, '2021-06-28 13:10:18'),
(630, 25, 22067, '2021-06-28 13:10:18'),
(631, 24, 33472, '2021-06-28 13:10:18'),
(632, 14, 26406, '2021-06-28 13:10:18'),
(633, 15, 14433, '2021-06-28 13:10:18'),
(634, 22, 39080, '2021-06-28 13:10:18'),
(635, 23, 20034, '2021-06-28 13:10:18'),
(636, 18, 41820, '2021-06-28 13:10:18'),
(637, 30, 19058, '2021-06-28 13:10:18'),
(638, 10, 19123, '2021-06-28 13:10:18'),
(639, 7, 29344, '2021-06-28 13:10:18'),
(640, 26, 28972, '2021-06-28 13:10:18'),
(641, 31, 27550, '2021-06-28 13:10:18'),
(642, 6, 32399, '2021-06-28 13:10:18'),
(643, 8, 22028, '2021-06-28 13:10:18'),
(644, 4, 22307, '2021-06-28 13:10:18'),
(645, 3, 35246, '2021-06-28 13:10:18'),
(646, 2, 24785, '2021-06-28 13:10:18'),
(647, 28, 23626, '2021-06-28 13:16:12'),
(648, 29, 12093, '2021-06-28 13:16:12'),
(649, 27, 23645, '2021-06-28 13:16:12'),
(650, 20, 17794, '2021-06-28 13:16:12'),
(651, 19, 29017, '2021-06-28 13:16:12'),
(652, 25, 22067, '2021-06-28 13:16:12'),
(653, 24, 33472, '2021-06-28 13:16:12'),
(654, 14, 26406, '2021-06-28 13:16:12'),
(655, 15, 14433, '2021-06-28 13:16:12'),
(656, 22, 39080, '2021-06-28 13:16:12'),
(657, 23, 20034, '2021-06-28 13:16:12'),
(658, 18, 41820, '2021-06-28 13:16:12'),
(659, 30, 19058, '2021-06-28 13:16:12'),
(660, 10, 19123, '2021-06-28 13:16:12'),
(661, 7, 29344, '2021-06-28 13:16:12'),
(662, 26, 28972, '2021-06-28 13:16:12'),
(663, 31, 27550, '2021-06-28 13:16:12'),
(664, 6, 32399, '2021-06-28 13:16:12'),
(665, 8, 22028, '2021-06-28 13:16:12'),
(666, 4, 22307, '2021-06-28 13:16:12'),
(667, 3, 35246, '2021-06-28 13:16:12'),
(668, 2, 24785, '2021-06-28 13:16:12'),
(669, 28, 23626, '2021-06-28 13:18:14'),
(670, 29, 12093, '2021-06-28 13:18:14'),
(671, 27, 23645, '2021-06-28 13:18:14'),
(672, 20, 17794, '2021-06-28 13:18:14'),
(673, 19, 29017, '2021-06-28 13:18:14'),
(674, 25, 22067, '2021-06-28 13:18:14'),
(675, 24, 33472, '2021-06-28 13:18:14'),
(676, 14, 26406, '2021-06-28 13:18:14'),
(677, 15, 14433, '2021-06-28 13:18:14'),
(678, 22, 39080, '2021-06-28 13:18:14'),
(679, 23, 20034, '2021-06-28 13:18:14'),
(680, 18, 41820, '2021-06-28 13:18:14'),
(681, 30, 19058, '2021-06-28 13:18:14'),
(682, 10, 19123, '2021-06-28 13:18:14'),
(683, 7, 29344, '2021-06-28 13:18:14'),
(684, 26, 28972, '2021-06-28 13:18:14'),
(685, 31, 27550, '2021-06-28 13:18:14'),
(686, 6, 32399, '2021-06-28 13:18:14'),
(687, 8, 22028, '2021-06-28 13:18:14'),
(688, 4, 22307, '2021-06-28 13:18:14'),
(689, 3, 35246, '2021-06-28 13:18:14'),
(690, 2, 24785, '2021-06-28 13:18:14'),
(691, 28, 23626, '2021-06-28 13:23:00'),
(692, 29, 12093, '2021-06-28 13:23:00'),
(693, 27, 23645, '2021-06-28 13:23:00'),
(694, 20, 17794, '2021-06-28 13:23:00'),
(695, 19, 29017, '2021-06-28 13:23:00'),
(696, 25, 22067, '2021-06-28 13:23:00'),
(697, 24, 33472, '2021-06-28 13:23:00'),
(698, 14, 26406, '2021-06-28 13:23:00'),
(699, 15, 14433, '2021-06-28 13:23:00'),
(700, 22, 39080, '2021-06-28 13:23:00'),
(701, 23, 20034, '2021-06-28 13:23:00'),
(702, 18, 41820, '2021-06-28 13:23:00'),
(703, 30, 19058, '2021-06-28 13:23:00'),
(704, 10, 19123, '2021-06-28 13:23:00'),
(705, 7, 29344, '2021-06-28 13:23:00'),
(706, 26, 28972, '2021-06-28 13:23:00'),
(707, 31, 27550, '2021-06-28 13:23:00'),
(708, 6, 32399, '2021-06-28 13:23:00'),
(709, 8, 22028, '2021-06-28 13:23:00'),
(710, 4, 22307, '2021-06-28 13:23:00'),
(711, 3, 35246, '2021-06-28 13:23:00'),
(712, 2, 24785, '2021-06-28 13:23:00'),
(713, 28, 23626, '2021-06-28 13:26:32'),
(714, 29, 12093, '2021-06-28 13:26:32'),
(715, 27, 23645, '2021-06-28 13:26:32'),
(716, 20, 17794, '2021-06-28 13:26:32'),
(717, 19, 29017, '2021-06-28 13:26:32'),
(718, 25, 22067, '2021-06-28 13:26:32'),
(719, 24, 33472, '2021-06-28 13:26:32'),
(720, 14, 26406, '2021-06-28 13:26:32'),
(721, 15, 14433, '2021-06-28 13:26:32'),
(722, 22, 39080, '2021-06-28 13:26:32'),
(723, 23, 20034, '2021-06-28 13:26:32'),
(724, 18, 41820, '2021-06-28 13:26:32'),
(725, 30, 19058, '2021-06-28 13:26:32'),
(726, 10, 19123, '2021-06-28 13:26:32'),
(727, 7, 29344, '2021-06-28 13:26:32'),
(728, 26, 28972, '2021-06-28 13:26:32'),
(729, 31, 27550, '2021-06-28 13:26:32'),
(730, 6, 32399, '2021-06-28 13:26:32'),
(731, 8, 22028, '2021-06-28 13:26:32'),
(732, 4, 22307, '2021-06-28 13:26:32'),
(733, 3, 35246, '2021-06-28 13:26:32'),
(734, 2, 24785, '2021-06-28 13:26:32'),
(735, 28, 23626, '2021-06-28 13:26:55'),
(736, 29, 12093, '2021-06-28 13:26:55'),
(737, 27, 23645, '2021-06-28 13:26:55'),
(738, 20, 17794, '2021-06-28 13:26:55'),
(739, 19, 29017, '2021-06-28 13:26:55'),
(740, 25, 22067, '2021-06-28 13:26:55'),
(741, 24, 33472, '2021-06-28 13:26:55'),
(742, 14, 26406, '2021-06-28 13:26:55'),
(743, 15, 14433, '2021-06-28 13:26:55'),
(744, 22, 39080, '2021-06-28 13:26:55'),
(745, 23, 20034, '2021-06-28 13:26:55'),
(746, 18, 41820, '2021-06-28 13:26:55'),
(747, 30, 19058, '2021-06-28 13:26:55'),
(748, 10, 19123, '2021-06-28 13:26:55'),
(749, 7, 29344, '2021-06-28 13:26:55'),
(750, 26, 28972, '2021-06-28 13:26:55'),
(751, 31, 27550, '2021-06-28 13:26:55'),
(752, 6, 32399, '2021-06-28 13:26:55'),
(753, 8, 22028, '2021-06-28 13:26:55'),
(754, 4, 22307, '2021-06-28 13:26:55'),
(755, 3, 35246, '2021-06-28 13:26:55'),
(756, 2, 24785, '2021-06-28 13:26:55'),
(757, 28, 23626, '2021-06-28 13:29:00'),
(758, 29, 12093, '2021-06-28 13:29:00'),
(759, 27, 23645, '2021-06-28 13:29:00'),
(760, 20, 17794, '2021-06-28 13:29:00'),
(761, 19, 29017, '2021-06-28 13:29:00'),
(762, 25, 22067, '2021-06-28 13:29:00'),
(763, 24, 33472, '2021-06-28 13:29:00'),
(764, 14, 26406, '2021-06-28 13:29:00'),
(765, 15, 14433, '2021-06-28 13:29:00'),
(766, 22, 39080, '2021-06-28 13:29:00'),
(767, 23, 20034, '2021-06-28 13:29:00'),
(768, 18, 41820, '2021-06-28 13:29:00'),
(769, 30, 19058, '2021-06-28 13:29:00'),
(770, 10, 19123, '2021-06-28 13:29:00'),
(771, 7, 29344, '2021-06-28 13:29:00'),
(772, 26, 28972, '2021-06-28 13:29:00'),
(773, 31, 27550, '2021-06-28 13:29:00'),
(774, 6, 32399, '2021-06-28 13:29:00'),
(775, 8, 22028, '2021-06-28 13:29:00'),
(776, 4, 22307, '2021-06-28 13:29:00'),
(777, 3, 35246, '2021-06-28 13:29:00'),
(778, 2, 24785, '2021-06-28 13:29:00'),
(779, 28, 23626, '2021-06-28 15:46:55'),
(780, 29, 12093, '2021-06-28 15:46:55'),
(781, 27, 23645, '2021-06-28 15:46:55'),
(782, 20, 17794, '2021-06-28 15:46:55'),
(783, 19, 29017, '2021-06-28 15:46:55'),
(784, 25, 22067, '2021-06-28 15:46:55'),
(785, 24, 33472, '2021-06-28 15:46:55'),
(786, 14, 30000, '2021-06-28 15:46:55'),
(787, 15, 20000, '2021-06-28 15:46:55'),
(788, 22, 39080, '2021-06-28 15:46:55'),
(789, 23, 20034, '2021-06-28 15:46:55'),
(790, 18, 41820, '2021-06-28 15:46:55'),
(791, 30, 19058, '2021-06-28 15:46:55'),
(792, 10, 19123, '2021-06-28 15:46:55'),
(793, 7, 29344, '2021-06-28 15:46:55'),
(794, 26, 28972, '2021-06-28 15:46:55'),
(795, 31, 27550, '2021-06-28 15:46:55'),
(796, 6, 32399, '2021-06-28 15:46:55'),
(797, 8, 22028, '2021-06-28 15:46:55'),
(798, 4, 22307, '2021-06-28 15:46:55'),
(799, 3, 35246, '2021-06-28 15:46:55'),
(800, 2, 24785, '2021-06-28 15:46:55'),
(801, 28, 23626, '2021-06-28 18:05:28'),
(802, 29, 12093, '2021-06-28 18:05:28'),
(803, 27, 23645, '2021-06-28 18:05:28'),
(804, 20, 17794, '2021-06-28 18:05:28'),
(805, 19, 29017, '2021-06-28 18:05:28'),
(806, 25, 22067, '2021-06-28 18:05:28'),
(807, 24, 33472, '2021-06-28 18:05:28'),
(808, 14, 30000, '2021-06-28 18:05:28'),
(809, 15, 20000, '2021-06-28 18:05:28'),
(810, 22, 39080, '2021-06-28 18:05:28'),
(811, 23, 20034, '2021-06-28 18:05:28'),
(812, 18, 41820, '2021-06-28 18:05:28'),
(813, 30, 19058, '2021-06-28 18:05:28'),
(814, 10, 19123, '2021-06-28 18:05:28'),
(815, 7, 29344, '2021-06-28 18:05:28'),
(816, 26, 28972, '2021-06-28 18:05:28'),
(817, 31, 27550, '2021-06-28 18:05:28'),
(818, 6, 32399, '2021-06-28 18:05:28'),
(819, 8, 22028, '2021-06-28 18:05:28'),
(820, 4, 22307, '2021-06-28 18:05:28'),
(821, 3, 35246, '2021-06-28 18:05:28'),
(822, 2, 24785, '2021-06-28 18:05:28'),
(823, 28, 23626, '2021-06-28 18:06:08'),
(824, 29, 12093, '2021-06-28 18:06:08'),
(825, 27, 23645, '2021-06-28 18:06:08'),
(826, 20, 17794, '2021-06-28 18:06:08'),
(827, 19, 29017, '2021-06-28 18:06:08'),
(828, 25, 22067, '2021-06-28 18:06:08'),
(829, 24, 33472, '2021-06-28 18:06:08'),
(830, 14, 30000, '2021-06-28 18:06:08'),
(831, 15, 20000, '2021-06-28 18:06:08'),
(832, 22, 39080, '2021-06-28 18:06:08'),
(833, 23, 20034, '2021-06-28 18:06:08'),
(834, 18, 41820, '2021-06-28 18:06:08'),
(835, 30, 19058, '2021-06-28 18:06:08'),
(836, 10, 19123, '2021-06-28 18:06:08'),
(837, 7, 29344, '2021-06-28 18:06:08'),
(838, 26, 28972, '2021-06-28 18:06:08'),
(839, 31, 27550, '2021-06-28 18:06:08'),
(840, 6, 32399, '2021-06-28 18:06:08'),
(841, 8, 22028, '2021-06-28 18:06:08'),
(842, 4, 22307, '2021-06-28 18:06:08'),
(843, 3, 35246, '2021-06-28 18:06:08'),
(844, 2, 24785, '2021-06-28 18:06:08');

-- --------------------------------------------------------

--
-- Struktur dari tabel `hasil_prediksi`
--

CREATE TABLE `hasil_prediksi` (
  `id` int(11) NOT NULL,
  `id_kecamatan` int(11) NOT NULL,
  `hasil_dari_prediksi` int(11) NOT NULL,
  `created_at` timestamp NOT NULL DEFAULT CURRENT_TIMESTAMP ON UPDATE CURRENT_TIMESTAMP
) ENGINE=InnoDB DEFAULT CHARSET=latin1;

--
-- Dumping data untuk tabel `hasil_prediksi`
--

INSERT INTO `hasil_prediksi` (`id`, `id_kecamatan`, `hasil_dari_prediksi`, `created_at`) VALUES
(4599, 28, 2, '2021-06-28 13:29:01'),
(4600, 29, 1, '2021-06-28 13:29:01'),
(4601, 27, 1, '2021-06-28 13:29:01'),
(4602, 20, 2, '2021-06-28 13:29:01'),
(4603, 19, 3, '2021-06-28 13:29:01'),
(4604, 25, 1, '2021-06-28 13:29:01'),
(4605, 24, 3, '2021-06-28 13:29:01'),
(4606, 14, 2, '2021-06-28 13:29:01'),
(4607, 15, 1, '2021-06-28 13:29:01'),
(4608, 22, 3, '2021-06-28 13:29:01'),
(4609, 23, 2, '2021-06-28 13:29:01'),
(4610, 18, 4, '2021-06-28 13:29:01'),
(4611, 30, 2, '2021-06-28 13:29:01'),
(4612, 10, 2, '2021-06-28 13:29:01'),
(4613, 7, 3, '2021-06-28 13:29:01'),
(4614, 26, 3, '2021-06-28 13:29:01'),
(4615, 31, 2, '2021-06-28 13:29:01'),
(4616, 6, 3, '2021-06-28 13:29:01'),
(4617, 8, 2, '2021-06-28 13:29:01'),
(4618, 4, 2, '2021-06-28 13:29:01'),
(4619, 3, 3, '2021-06-28 13:29:01'),
(4620, 2, 2, '2021-06-28 13:29:01'),
(4621, 28, 2, '2021-06-28 15:34:39'),
(4622, 29, 1, '2021-06-28 15:34:39'),
(4623, 27, 1, '2021-06-28 15:34:39'),
(4624, 20, 2, '2021-06-28 15:34:39'),
(4625, 19, 3, '2021-06-28 15:34:39'),
(4626, 25, 1, '2021-06-28 15:34:39'),
(4627, 24, 3, '2021-06-28 15:34:39'),
(4628, 14, 2, '2021-06-28 15:34:39'),
(4629, 15, 1, '2021-06-28 15:34:39'),
(4630, 22, 3, '2021-06-28 15:34:39'),
(4631, 23, 2, '2021-06-28 15:34:39'),
(4632, 18, 4, '2021-06-28 15:34:39'),
(4633, 30, 2, '2021-06-28 15:34:39'),
(4634, 10, 2, '2021-06-28 15:34:39'),
(4635, 7, 3, '2021-06-28 15:34:39'),
(4636, 26, 3, '2021-06-28 15:34:39'),
(4637, 31, 2, '2021-06-28 15:34:39'),
(4638, 6, 3, '2021-06-28 15:34:39'),
(4639, 8, 2, '2021-06-28 15:34:39'),
(4640, 4, 2, '2021-06-28 15:34:39'),
(4641, 3, 3, '2021-06-28 15:34:39'),
(4642, 2, 2, '2021-06-28 15:34:39'),
(4643, 28, 2, '2021-06-28 15:47:17'),
(4644, 29, 1, '2021-06-28 15:47:17'),
(4645, 27, 1, '2021-06-28 15:47:17'),
(4646, 20, 2, '2021-06-28 15:47:17'),
(4647, 19, 3, '2021-06-28 15:47:17'),
(4648, 25, 1, '2021-06-28 15:47:17'),
(4649, 24, 3, '2021-06-28 15:47:17'),
(4650, 14, 3, '2021-06-28 15:47:17'),
(4651, 15, 2, '2021-06-28 15:47:17'),
(4652, 22, 3, '2021-06-28 15:47:17'),
(4653, 23, 2, '2021-06-28 15:47:17'),
(4654, 18, 4, '2021-06-28 15:47:17'),
(4655, 30, 2, '2021-06-28 15:47:17'),
(4656, 10, 2, '2021-06-28 15:47:17'),
(4657, 7, 3, '2021-06-28 15:47:17'),
(4658, 26, 3, '2021-06-28 15:47:17'),
(4659, 31, 2, '2021-06-28 15:47:17'),
(4660, 6, 3, '2021-06-28 15:47:17'),
(4661, 8, 2, '2021-06-28 15:47:17'),
(4662, 4, 2, '2021-06-28 15:47:17'),
(4663, 3, 3, '2021-06-28 15:47:17'),
(4664, 2, 2, '2021-06-28 15:47:17'),
(4665, 28, 2, '2021-06-28 15:47:28'),
(4666, 29, 1, '2021-06-28 15:47:28'),
(4667, 27, 1, '2021-06-28 15:47:28'),
(4668, 20, 2, '2021-06-28 15:47:28'),
(4669, 19, 3, '2021-06-28 15:47:28'),
(4670, 25, 1, '2021-06-28 15:47:28'),
(4671, 24, 3, '2021-06-28 15:47:28'),
(4672, 14, 3, '2021-06-28 15:47:28'),
(4673, 15, 2, '2021-06-28 15:47:28'),
(4674, 22, 3, '2021-06-28 15:47:28'),
(4675, 23, 2, '2021-06-28 15:47:28'),
(4676, 18, 4, '2021-06-28 15:47:28'),
(4677, 30, 2, '2021-06-28 15:47:28'),
(4678, 10, 2, '2021-06-28 15:47:28'),
(4679, 7, 3, '2021-06-28 15:47:28'),
(4680, 26, 3, '2021-06-28 15:47:28'),
(4681, 31, 2, '2021-06-28 15:47:28'),
(4682, 6, 3, '2021-06-28 15:47:28'),
(4683, 8, 2, '2021-06-28 15:47:28'),
(4684, 4, 2, '2021-06-28 15:47:28'),
(4685, 3, 3, '2021-06-28 15:47:28'),
(4686, 2, 2, '2021-06-28 15:47:28'),
(4687, 28, 2, '2021-06-28 15:50:25'),
(4688, 29, 1, '2021-06-28 15:50:25'),
(4689, 27, 1, '2021-06-28 15:50:25'),
(4690, 20, 2, '2021-06-28 15:50:25'),
(4691, 19, 3, '2021-06-28 15:50:25'),
(4692, 25, 1, '2021-06-28 15:50:25'),
(4693, 24, 3, '2021-06-28 15:50:25'),
(4694, 14, 3, '2021-06-28 15:50:25'),
(4695, 15, 2, '2021-06-28 15:50:25'),
(4696, 22, 3, '2021-06-28 15:50:25'),
(4697, 23, 2, '2021-06-28 15:50:25'),
(4698, 18, 4, '2021-06-28 15:50:25'),
(4699, 30, 2, '2021-06-28 15:50:25'),
(4700, 10, 2, '2021-06-28 15:50:25'),
(4701, 7, 3, '2021-06-28 15:50:25'),
(4702, 26, 3, '2021-06-28 15:50:25'),
(4703, 31, 2, '2021-06-28 15:50:25'),
(4704, 6, 3, '2021-06-28 15:50:25'),
(4705, 8, 2, '2021-06-28 15:50:25'),
(4706, 4, 2, '2021-06-28 15:50:25'),
(4707, 3, 3, '2021-06-28 15:50:25'),
(4708, 2, 2, '2021-06-28 15:50:25');

-- --------------------------------------------------------

--
-- Struktur dari tabel `peta_kecamatan`
--

CREATE TABLE `peta_kecamatan` (
  `id_kecamatan` int(11) NOT NULL,
  `kode_kecamatan` varchar(20) NOT NULL,
  `nama_kecamatan` varchar(250) NOT NULL,
  `lokasi_kecamatan` varchar(500) NOT NULL
) ENGINE=InnoDB DEFAULT CHARSET=latin1;

--
-- Dumping data untuk tabel `peta_kecamatan`
--

INSERT INTO `peta_kecamatan` (`id_kecamatan`, `kode_kecamatan`, `nama_kecamatan`, `lokasi_kecamatan`) VALUES
(1, '32.04.05', 'Cileunyi', 'cileunyi.geojson'),
(2, '32.04.06', 'Cimenyan', 'cimenyan.geojson'),
(3, '32.04.07', 'Cilengkrang', 'cilengkrang.geojson'),
(4, '32.04.08', 'Bojongsoang', 'bojongsoang.geojson'),
(5, '32.04.09', 'Margahayu', 'margahayu.geojson'),
(6, '32.04.10', 'Margaasih', 'margaasih.geojson'),
(7, '32.04.11', 'Katapang', 'katapang.geojson'),
(8, '32.04.12', 'Dayeuhkolot', 'dayeuhkolot.geojson'),
(9, '32.04.13', 'Banjaran', 'banjaran.geojson'),
(10, '32.04.14', 'Pameungpeuk', 'pameungpeuk.geojson'),
(11, '32.04.15', 'Pangalengan', 'pangalengan.geojson'),
(12, '32.04.16', 'Arjasari', 'arjasari.geojson'),
(13, '32.04.17', 'Cimaung', 'cimaung.geojson'),
(14, '32.04.25', 'Cicalengka', 'cicalengka.geojson'),
(15, '32.04.26', 'Nagreg', 'nagreg.geojson'),
(16, '32.04.27', 'Cikancung', 'cikancung.geojson'),
(17, '32.04.28', 'Rancaekek', 'rancaekek.geojson'),
(18, '32.04.29', 'Ciparay', 'ciparay.geojson'),
(19, '32.04.30', 'Pacet', 'pacet.geojson'),
(20, '32.04.31', 'Kertasari', 'kertasari.geojson'),
(21, '32.04.32', 'Baleendah', 'baleendah.geojson'),
(22, '32.04.33', 'Majalaya', 'majalaya.geojson'),
(23, '32.04.34', 'Solokanjeruk', 'solokanjeruk.geojson'),
(24, '32.04.35', 'Paseh', 'paseh.geojson'),
(25, '32.04.36', 'Ibun', 'ibun.geojson'),
(26, '32.04.37', 'Soreang', 'soreang.geojson'),
(27, '32.04.38', 'Pasirjambu', 'pasirjambu.geojson'),
(28, '32.04.39', 'Ciwidey', 'ciwidey.geojson'),
(29, '32.04.40', 'Rancabali', 'rancabali.geojson'),
(30, '32.04.44', 'Cangkuang', 'cangkuang.geojson'),
(31, '32.04.46', 'Kutawaringin', 'kutawaringin.geojson');

--
-- Indexes for dumped tables
--

--
-- Indeks untuk tabel `faktor_ktp`
--
ALTER TABLE `faktor_ktp`
  ADD PRIMARY KEY (`id`),
  ADD KEY `idx_kecamatan` (`id_kecamatan`);

--
-- Indeks untuk tabel `hasil_prediksi`
--
ALTER TABLE `hasil_prediksi`
  ADD PRIMARY KEY (`id`),
  ADD KEY `id_kecamatan` (`id_kecamatan`);

--
-- Indeks untuk tabel `peta_kecamatan`
--
ALTER TABLE `peta_kecamatan`
  ADD PRIMARY KEY (`id_kecamatan`) USING BTREE;

--
-- AUTO_INCREMENT untuk tabel yang dibuang
--

--
-- AUTO_INCREMENT untuk tabel `faktor_ktp`
--
ALTER TABLE `faktor_ktp`
  MODIFY `id` int(11) NOT NULL AUTO_INCREMENT, AUTO_INCREMENT=845;

--
-- AUTO_INCREMENT untuk tabel `hasil_prediksi`
--
ALTER TABLE `hasil_prediksi`
  MODIFY `id` int(11) NOT NULL AUTO_INCREMENT, AUTO_INCREMENT=4709;

--
-- AUTO_INCREMENT untuk tabel `peta_kecamatan`
--
ALTER TABLE `peta_kecamatan`
  MODIFY `id_kecamatan` int(11) NOT NULL AUTO_INCREMENT, AUTO_INCREMENT=32;

--
-- Ketidakleluasaan untuk tabel pelimpahan (Dumped Tables)
--

--
-- Ketidakleluasaan untuk tabel `faktor_ktp`
--
ALTER TABLE `faktor_ktp`
  ADD CONSTRAINT `faktor_ktp_ibfk_1` FOREIGN KEY (`id_kecamatan`) REFERENCES `peta_kecamatan` (`id_kecamatan`);

--
-- Ketidakleluasaan untuk tabel `hasil_prediksi`
--
ALTER TABLE `hasil_prediksi`
  ADD CONSTRAINT `hasil_prediksi_ibfk_1` FOREIGN KEY (`id_kecamatan`) REFERENCES `peta_kecamatan` (`id_kecamatan`);
COMMIT;

/*!40101 SET CHARACTER_SET_CLIENT=@OLD_CHARACTER_SET_CLIENT */;
/*!40101 SET CHARACTER_SET_RESULTS=@OLD_CHARACTER_SET_RESULTS */;
/*!40101 SET COLLATION_CONNECTION=@OLD_COLLATION_CONNECTION */;
